date,experiment,fold4_macro,US,India,note
2026-09-26,v10 parity (stored scores_c, dta_own shift0.6),0.97614,0.97956,0.97101,exact match to meta
2026-09-26,v10 dta_own shift1.0,0.97656,0.97999,0.97141,dev-best shift for v10
2026-09-26,owner-model dta shift1.0,0.97683,0.98016,0.97185,+0.0003 vs v10 same shift
2026-09-26,rescue unclaimed blank targets by unique exact name,0.97598,,,-0.00016 (precision 0.48): dropped
2026-09-26,stress-v2 US test density (f=0.62 hide=0.19) shift1.0,0.97648,0.97648,,drop 0.0035 vs local 0.97995; shift 0.6 drop 0.0040 -> density is NOT the 0.015 offset; France implied ~0.90
2026-09-26,test rebuild parity vs uploaded v10,,,,1732544/1732544 identical rows; 5644655/5644656 pairs
2026-09-26,France same-number word-swap diag,,,,train swap pairs 99% true; France swap share 11% (US 7% India 19%): not a French decoy signal
2026-09-26,upload A: v10 + owner layer + shift1.0 (test),,,,validator PASS --check-ids; 5.1-6.9% rows changed vs v10; 5740920 pairs vs 5644656
2026-09-26,stress-v2 India test density (f=1 hide=0.19),0.96737,,0.96737,v10 shift0.6 drop 0.0037; best owner shift0.45 0.96756; France implied ~0.90
2026-09-26,upload A2: owner + shift US=1.0 India=0.45 + France rows = v10,,,,validator PASS; France 0% changed; US 5.1% India 2.0% rows changed; expected LB +~0.0005
2026-09-26,char3gram name knn channel (20k fold-4 sample),,,,recovers 31% US / 9% India of v10 misses; +23 pairs/S1; LB ceiling ~+0.002
2026-09-26,LOCO self-training (US labels -> India unseen; 15 parts),,,0.9447,B0 0.9408; B1 pseudo 0.9427; B2 +domain flag 0.9440; best hi0.98/lo0.02/w1/1 round 0.9447 (+0.0039); 2-3 rounds worse
2026-09-27,upload B: A2 + France self-trained stage2 (dom flag; pseudo pos p>=0.98&num agree, neg p<=0.02),,,,validator PASS; France number agreement 0.9896->0.9969; matches/S1 3.269->3.320
